# SU, 0-based Feature
0.40809160,19
0.32639017,5
0.32177782,39
0.28680783,13
0.23440202,52
0.14291880,9
0.10648384,2
